Chromosome	Start_Position	End_Position	Reference_Allele	Tumor_Seq_Allele2	Tumor_Sample_Barcode	Matched_Norm_Sample_Barcode	VariantID
10	100995756	100995756	C	T	Sample1	Sample3	10:100995756:100995756:C:T:Sample1:Sample3
10	101167306	101167306	C	T	Sample1	Sample3	10:101167306:101167306:C:T:Sample1:Sample3
10	101167315	101167315	G	T	Sample1	Sample3	10:101167315:101167315:G:T:Sample1:Sample3
10	10216215	10216215	G	A	Sample1	Sample3	10:10216215:10216215:G:A:Sample1:Sample3
10	104301397	104301397	C	T	Sample1	Sample3	10:104301397:104301397:C:T:Sample1:Sample3
10	104309781	104309781	G	A	Sample1	Sample3	10:104309781:104309781:G:A:Sample1:Sample3
10	104356995	104356995	C	T	Sample1	Sample3	10:104356995:104356995:C:T:Sample1:Sample3
10	104375107	104375107	G	A	Sample1	Sample3	10:104375107:104375107:G:A:Sample1:Sample3
10	104375147	104375147	C	T	Sample1	Sample3	10:104375147:104375147:C:T:Sample1:Sample3
10	104377134	104377134	C	T	Sample1	Sample3	10:104377134:104377134:C:T:Sample1:Sample3
10	104378766	104378766	C	T	Sample1	Sample3	10:104378766:104378766:C:T:Sample1:Sample3
10	104378878	104378878	G	A	Sample1	Sample3	10:104378878:104378878:G:A:Sample1:Sample3
10	104722447	104722448	-	TGTG	Sample1	Sample3	10:104722447:104722448:-:TGTG:Sample1:Sample3
10	104833377	104833377	C	G	Sample1	Sample3	10:104833377:104833377:C:G:Sample1:Sample3
10	105536185	105536194	TGTGTGTGTC	-	Sample1	Sample3	10:105536185:105536194:TGTGTGTGTC:-:Sample1:Sample3
